Difficulty,Title,Frequency,Acceptance Rate,Link,Topics
MEDIUM,Two Best Non-Overlapping Events,100.0,0.6388,https://leetcode.com/problems/two-best-non-overlapping-events,"Array, Binary Search, Dynamic Programming, Sorting, Heap (Priority Queue)"
HARD,Minimum Total Cost to Make Arrays Unequal,100.0,0.4163,https://leetcode.com/problems/minimum-total-cost-to-make-arrays-unequal,"Array, Hash Table, Greedy, Counting"
MEDIUM,Most Beautiful Item for Each Query,100.0,0.6198,https://leetcode.com/problems/most-beautiful-item-for-each-query,"Array, Binary Search, Sorting"
MEDIUM,Shortest Subarray to be Removed to Make Array Sorted,97.2,0.5135,https://leetcode.com/problems/shortest-subarray-to-be-removed-to-make-array-sorted,"Array, Two Pointers, Binary Search, Stack, Monotonic Stack"
MEDIUM,LRU Cache,90.4,0.4811,https://leetcode.com/problems/lru-cache,"Hash Table, Linked List, Design, Doubly-Linked List"
MEDIUM,Decode String,87.5,0.6326,https://leetcode.com/problems/decode-string,"String, Stack, Recursion"
MEDIUM,Merge Intervals,75.0,0.5288,https://leetcode.com/problems/merge-intervals,"Array, Sorting, Quicksort"
MEDIUM,Rotate Array,64.5,0.4558,https://leetcode.com/problems/rotate-array,"Array, Math, Two Pointers"
EASY,First Unique Character in a String,64.5,0.6640,https://leetcode.com/problems/first-unique-character-in-a-string,"Hash Table, String, Queue, Counting"
MEDIUM,Unique Paths,64.5,0.6730,https://leetcode.com/problems/unique-paths,"Math, Dynamic Programming, Combinatorics"
HARD,Smallest Good Base,64.5,0.4759,https://leetcode.com/problems/smallest-good-base,"Math, Binary Search"
EASY,Excel Sheet Column Number,62.5,0.6849,https://leetcode.com/problems/excel-sheet-column-number,"Math, String"
MEDIUM,Container With Most Water,62.5,0.6090,https://leetcode.com/problems/container-with-most-water,"Array, Two Pointers, Greedy"
MEDIUM,Flatten Nested List Iterator,0.0,0.6590,https://leetcode.com/problems/flatten-nested-list-iterator,"Stack, Tree, Depth-First Search, Design, Queue, Iterator"
MEDIUM,Angle Between Hands of a Clock,0.0,0.6992,https://leetcode.com/problems/angle-between-hands-of-a-clock,Math
MEDIUM,Coin Change,0.0,0.4919,https://leetcode.com/problems/coin-change,"Array, Dynamic Programming, Breadth-First Search, Knapsack Problem, Complete Knapsack"
MEDIUM,Search in Rotated Sorted Array,0.0,0.4569,https://leetcode.com/problems/search-in-rotated-sorted-array,"Array, Binary Search"
EASY,Intersection of Two Linked Lists,0.0,0.6476,https://leetcode.com/problems/intersection-of-two-linked-lists,"Hash Table, Linked List, Two Pointers"
MEDIUM,Find the Duplicate Number,0.0,0.6493,https://leetcode.com/problems/find-the-duplicate-number,"Array, Two Pointers, Binary Search, Bit Manipulation, Pigeonhole Principle, Floyd's Cycle Finding Algorithm"
MEDIUM,Maximum Subarray,0.0,0.5390,https://leetcode.com/problems/maximum-subarray,"Array, Divide and Conquer, Dynamic Programming"
EASY,Linked List Cycle,0.0,0.5513,https://leetcode.com/problems/linked-list-cycle,"Hash Table, Linked List, Two Pointers, Floyd's Cycle Finding Algorithm"
HARD,Maximal Rectangle,0.0,0.5993,https://leetcode.com/problems/maximal-rectangle,"Array, Dynamic Programming, Stack, Matrix, Monotonic Stack"
MEDIUM,Maximal Square,0.0,0.5093,https://leetcode.com/problems/maximal-square,"Array, Dynamic Programming, Matrix"
HARD,Alien Dictionary,0.0,0.3733,https://leetcode.com/problems/alien-dictionary,"Array, String, Depth-First Search, Breadth-First Search, Graph Theory, Topological Sort, Directed Acyclic Graph"
MEDIUM,Find Peak Element,0.0,0.4722,https://leetcode.com/problems/find-peak-element,"Array, Binary Search"
HARD,Largest Rectangle in Histogram,0.0,0.5092,https://leetcode.com/problems/largest-rectangle-in-histogram,"Array, Stack, Monotonic Stack, Range Minimum/Maximum Query"
EASY,Merge Sorted Array,0.0,0.5578,https://leetcode.com/problems/merge-sorted-array,"Array, Two Pointers, Sorting"
HARD,LFU Cache,0.0,0.5033,https://leetcode.com/problems/lfu-cache,"Hash Table, Linked List, Design, Doubly-Linked List"
MEDIUM,Partition Labels,0.0,0.8206,https://leetcode.com/problems/partition-labels,"Hash Table, Two Pointers, String, Greedy"
HARD,Minimum Window Substring,0.0,0.4855,https://leetcode.com/problems/minimum-window-substring,"Hash Table, String, Sliding Window"
HARD,Sliding Window Maximum,0.0,0.4928,https://leetcode.com/problems/sliding-window-maximum,"Array, Queue, Sliding Window, Heap (Priority Queue), Monotonic Queue, Range Minimum/Maximum Query"
